Device Type,Device Name,Quantity,Price
FireTV,Fire TV Cube (3rd Generation),1,89.99
FireTV,Fire TV Stick 4K Max (2nd Generation),1,44.99
FireTV,Fire TV Stick 4K (2nd Generation),1,37.99
FireTV,Fire TV Stick 4K Plus,1,37.99
Speaker,Echo Studio (2025 release),1,179.99
Speaker,Echo Dot Max,1,79.99
Woofer,Echo Sub,1,129.99
Router,eero Pro 7,1 Pack,224.99
Router,eero Pro 7,2 Pack,399.99
Router,eero Pro 7,3 Pack,224.99
Router,eero Pro 6E,1 Pack,149.99
Router,eero Pro 6E,2 Pack,259.99
Router,eero Pro 6E,3 Pack,374.99
